Trade #,Type,Signal,Date/Time,Price,Contracts,Profit NONE,Profit %,Cum. Profit NONE,Cum. Profit %,Run-up NONE,Run-up %,Drawdown NONE,Drawdown %
1,Entry Long,BUY,2021-01-01 09:45,5210.00,100,3375.00,0.65,3375.00,3.38,4485.00,0.86,390.00,0.07
1,Exit Long,INTRADAY_BExit,2021-01-01 15:15,5243.75,100,3375.00,0.65,3375.00,3.38,4485.00,0.86,390.00,0.07
2,Entry Short,SELL,2021-01-05 09:45,5268.00,100,-4460.00,-0.85,-1085.00,-4.31,1800.00,0.34,4690.00,0.89
2,Exit Short,BUY,2021-01-05 11:45,5312.60,100,-4460.00,-0.85,-1085.00,-4.31,1800.00,0.34,4690.00,0.89
3,Entry Long,BUY,2021-01-05 11:45,5312.60,100,-2660.00,-0.5,-3745.00,-2.69,2440.00,0.46,3940.00,0.74
3,Exit Long,SELL,2021-01-05 14:45,5286.00,100,-2660.00,-0.5,-3745.00,-2.69,2440.00,0.46,3940.00,0.74
4,Entry Short,SELL,2021-01-05 14:45,5286.00,100,-585.00,-0.11,-4330.00,-0.61,200.00,0.04,770.00,0.15
4,Exit Short,INTRADAY_SExit,2021-01-05 15:15,5291.85,100,-585.00,-0.11,-4330.00,-0.61,200.00,0.04,770.00,0.15
5,Entry Long,BUY,2021-01-06 15:00,5275.00,100,1710.00,0.32,-2620.00,1.79,2400.00,0.45,380.00,0.07
5,Exit Long,INTRADAY_BExit,2021-01-06 15:15,5292.10,100,1710.00,0.32,-2620.00,1.79,2400.00,0.45,380.00,0.07
6,Entry Short,SELL,2021-01-07 13:00,5256.00,100,-4300.00,-0.82,-6920.00,-4.42,100.00,0.02,4400.00,0.84
6,Exit Short,BUY,2021-01-07 14:30,5299.00,100,-4300.00,-0.82,-6920.00,-4.42,100.00,0.02,4400.00,0.84
7,Entry Long,BUY,2021-01-07 14:30,5299.00,100,-2645.00,-0.5,-9565.00,-2.84,600.00,0.11,4175.00,0.79
7,Exit Long,INTRADAY_BExit,2021-01-07 15:15,5272.55,100,-2645.00,-0.5,-9565.00,-2.84,600.00,0.11,4175.00,0.79
8,Entry Long,BUY,2021-01-08 09:45,5346.00,100,-1215.00,-0.23,-10780.00,-1.34,1400.00,0.26,3515.00,0.66
8,Exit Long,INTRADAY_BExit,2021-01-08 15:15,5333.85,100,-1215.00,-0.23,-10780.00,-1.34,1400.00,0.26,3515.00,0.66
9,Entry Short,SELL,2021-01-12 10:00,5384.00,100,1595.00,0.3,-9185.00,1.79,4180.00,0.78,570.00,0.11
9,Exit Short,BUY,2021-01-12 14:45,5368.05,100,1595.00,0.3,-9185.00,1.79,4180.00,0.78,570.00,0.11
10,Entry Long,BUY,2021-01-12 14:45,5368.05,100,-905.00,-0.17,-10090.00,-1,195.00,0.04,1300.00,0.24
10,Exit Long,INTRADAY_BExit,2021-01-12 15:15,5359.00,100,-905.00,-0.17,-10090.00,-1,195.00,0.04,1300.00,0.24
11,Entry Short,SELL,2021-01-13 09:45,5321.90,100,6315.00,1.19,-3775.00,7.02,6420.00,1.21,1010.00,0.19
11,Exit Short,SELL_TG_HIT,2021-01-13 14:00,5258.75,100,6315.00,1.19,-3775.00,7.02,6420.00,1.21,1010.00,0.19
12,Entry Long,BUY,2021-01-14 09:45,5285.00,100,2350.00,0.44,-1425.00,2.44,4300.00,0.81,2000.00,0.38
12,Exit Long,INTRADAY_BExit,2021-01-14 15:15,5308.50,100,2350.00,0.44,-1425.00,2.44,4300.00,0.81,2000.00,0.38
13,Entry Short,SELL,2021-01-15 09:45,5231.25,100,1815.00,0.35,390.00,1.84,3565.00,0.68,3375.00,0.65
13,Exit Short,INTRADAY_SExit,2021-01-15 15:15,5213.10,100,1815.00,0.35,390.00,1.84,3565.00,0.68,3375.00,0.65
14,Entry Long,BUY,2021-01-18 12:15,5108.05,100,-3415.00,-0.67,-3025.00,-3.4,2185.00,0.43,4205.00,0.82
14,Exit Long,SELL,2021-01-18 15:00,5073.90,100,-3415.00,-0.67,-3025.00,-3.4,2185.00,0.43,4205.00,0.82
15,Entry Short,SELL,2021-01-18 15:00,5073.90,100,2690.00,0.53,-335.00,2.77,2690.00,0.53,510.00,0.1
15,Exit Short,INTRADAY_SExit,2021-01-18 15:15,5047.00,100,2690.00,0.53,-335.00,2.77,2690.00,0.53,510.00,0.1
16,Entry Long,BUY,2021-01-20 09:45,5115.00,100,-3550.00,-0.69,-3885.00,-3.56,4475.00,0.87,3845.00,0.75
16,Exit Long,SELL,2021-01-20 12:45,5079.50,100,-3550.00,-0.69,-3885.00,-3.56,4475.00,0.87,3845.00,0.75
17,Entry Short,SELL,2021-01-20 12:45,5079.50,100,55.00,0.01,-3830.00,0.06,1445.00,0.28,1540.00,0.3
17,Exit Short,INTRADAY_SExit,2021-01-20 15:15,5078.95,100,55.00,0.01,-3830.00,0.06,1445.00,0.28,1540.00,0.3
18,Entry Long,BUY,2021-01-21 09:45,5127.00,100,-3300.00,-0.64,-7130.00,-3.43,700.00,0.14,3975.00,0.78
18,Exit Long,SELL,2021-01-21 12:30,5094.00,100,-3300.00,-0.64,-7130.00,-3.43,700.00,0.14,3975.00,0.78
19,Entry Short,SELL,2021-01-21 12:30,5094.00,100,4095.00,0.8,-3035.00,4.41,6010.00,1.18,380.00,0.07
19,Exit Short,INTRADAY_SExit,2021-01-21 15:15,5053.05,100,4095.00,0.8,-3035.00,4.41,6010.00,1.18,380.00,0.07
20,Entry Long,BUY,2021-01-22 10:15,5045.40,100,-2225.00,-0.44,-5260.00,-2.29,5995.00,1.19,3540.00,0.7
20,Exit Long,INTRADAY_BExit,2021-01-22 15:15,5023.15,100,-2225.00,-0.44,-5260.00,-2.29,5995.00,1.19,3540.00,0.7
21,Entry Short,SELL,2021-01-25 09:45,4977.55,100,-6050.00,-1.22,-11310.00,-6.39,1755.00,0.35,6305.00,1.27
21,Exit Short,SELL_SL_HIT,2021-01-25 11:15,5038.05,100,-6050.00,-1.22,-11310.00,-6.39,1755.00,0.35,6305.00,1.27
22,Entry Long,BUY,2021-01-25 13:15,5085.80,100,-345.00,-0.07,-11655.00,-0.39,4260.00,0.84,1935.00,0.38
22,Exit Long,INTRADAY_BExit,2021-01-25 15:15,5082.35,100,-345.00,-0.07,-11655.00,-0.39,4260.00,0.84,1935.00,0.38
23,Entry Short,SELL,2021-01-27 09:45,5021.00,100,5115.00,1.02,-6540.00,5.79,5600.00,1.12,1600.00,0.32
23,Exit Short,SELL_TG_HIT,2021-01-27 12:45,4969.85,100,5115.00,1.02,-6540.00,5.79,5600.00,1.12,1600.00,0.32
24,Entry Short,SELL,2021-01-28 09:45,4816.80,100,-5495.00,-1.14,-12035.00,-5.88,1420.00,0.29,6210.00,1.29
24,Exit Short,SELL_SL_HIT,2021-01-28 11:00,4871.75,100,-5495.00,-1.14,-12035.00,-5.88,1420.00,0.29,6210.00,1.29
25,Entry Long,BUY,2021-01-28 11:30,4871.70,100,-4930.00,-1.01,-16965.00,-5.6,2420.00,0.5,5060.00,1.04
25,Exit Long,BUY_SL_HIT,2021-01-28 14:30,4822.40,100,-4930.00,-1.01,-16965.00,-5.6,2420.00,0.5,5060.00,1.04
26,Entry Short,SELL,2021-01-28 14:45,4832.00,100,-4845.00,-1,-21810.00,-5.83,2075.00,0.43,5125.00,1.06
26,Exit Short,INTRADAY_SExit,2021-01-28 15:15,4880.45,100,-4845.00,-1,-21810.00,-5.83,2075.00,0.43,5125.00,1.06
27,Entry Long,BUY,2021-01-29 09:45,4839.95,100,-4460.00,-0.92,-26270.00,-5.7,4105.00,0.85,9690.00,2
27,Exit Long,BUY_SL_HIT,2021-01-29 11:45,4795.35,100,-4460.00,-0.92,-26270.00,-5.7,4105.00,0.85,9690.00,2
28,Entry Short,SELL,2021-01-29 12:00,4796.90,100,6690.00,1.39,-19580.00,9.07,8355.00,1.74,975.00,0.2
28,Exit Short,SELL_TG_HIT,2021-01-29 12:15,4730.00,100,6690.00,1.39,-19580.00,9.07,8355.00,1.74,975.00,0.2
29,Entry Long,BUY,2021-02-02 13:00,4516.80,100,-4580.00,-1.01,-24160.00,-5.7,1120.00,0.25,4650.00,1.03
29,Exit Long,BUY_SL_HIT,2021-02-02 14:30,4471.00,100,-4580.00,-1.01,-24160.00,-5.7,1120.00,0.25,4650.00,1.03
30,Entry Short,SELL,2021-02-02 15:00,4472.00,100,-795.00,-0.18,-24955.00,-1.05,200.00,0.04,1680.00,0.38
30,Exit Short,INTRADAY_SExit,2021-02-02 15:15,4479.95,100,-795.00,-0.18,-24955.00,-1.05,200.00,0.04,1680.00,0.38
31,Entry Long,BUY,2021-02-03 09:45,4677.20,100,-2920.00,-0.62,-27875.00,-3.89,3715.00,0.79,5895.00,1.26
31,Exit Long,INTRADAY_BExit,2021-02-03 15:15,4648.00,100,-2920.00,-0.62,-27875.00,-3.89,3715.00,0.79,5895.00,1.26
32,Entry Long,BUY,2021-02-05 11:00,4715.00,100,5200.00,1.1,-22675.00,7.21,5300.00,1.12,910.00,0.19
32,Exit Long,BUY_TG_HIT,2021-02-05 12:00,4767.00,100,5200.00,1.1,-22675.00,7.21,5300.00,1.12,910.00,0.19
33,Entry Short,SELL,2021-02-09 10:45,4856.85,100,1285.00,0.26,-21390.00,1.66,2525.00,0.52,3885.00,0.8
33,Exit Short,INTRADAY_SExit,2021-02-09 15:15,4844.00,100,1285.00,0.26,-21390.00,1.66,2525.00,0.52,3885.00,0.8
34,Entry Long,BUY,2021-02-10 09:45,4857.00,100,-3275.00,-0.67,-24665.00,-4.17,125.00,0.03,3690.00,0.76
34,Exit Long,SELL,2021-02-10 10:15,4824.25,100,-3275.00,-0.67,-24665.00,-4.17,125.00,0.03,3690.00,0.76
35,Entry Short,SELL,2021-02-10 10:15,4824.25,100,4310.00,0.89,-20355.00,5.72,4315.00,0.89,0,0
35,Exit Short,SELL_TG_HIT,2021-02-10 10:30,4781.15,100,4310.00,0.89,-20355.00,5.72,4315.00,0.89,0,0
36,Entry Long,BUY,2021-02-11 09:45,4835.00,100,-525.00,-0.11,-20880.00,-0.66,1000.00,0.21,2500.00,0.52
36,Exit Long,INTRADAY_BExit,2021-02-11 15:15,4829.75,100,-525.00,-0.11,-20880.00,-0.66,1000.00,0.21,2500.00,0.52
37,Entry Short,SELL,2021-02-12 14:15,4802.55,100,1305.00,0.27,-19575.00,1.65,1755.00,0.37,695.00,0.14
37,Exit Short,INTRADAY_SExit,2021-02-12 15:15,4789.50,100,1305.00,0.27,-19575.00,1.65,1755.00,0.37,695.00,0.14
38,Entry Long,BUY,2021-02-18 10:15,4640.70,100,-4460.00,-0.96,-24035.00,-5.55,2315.00,0.5,4510.00,0.97
38,Exit Long,BUY_SL_HIT,2021-02-18 11:45,4596.10,100,-4460.00,-0.96,-24035.00,-5.55,2315.00,0.5,4510.00,0.97
39,Entry Short,SELL,2021-02-18 12:00,4587.15,100,-5390.00,-1.18,-29425.00,-7.1,215.00,0.05,5685.00,1.24
39,Exit Short,SELL_SL_HIT,2021-02-18 13:45,4641.05,100,-5390.00,-1.18,-29425.00,-7.1,215.00,0.05,5685.00,1.24
40,Entry Long,BUY,2021-02-18 14:00,4624.60,100,-1050.00,-0.23,-30475.00,-1.49,3040.00,0.66,1310.00,0.28
40,Exit Long,INTRADAY_BExit,2021-02-18 15:15,4614.10,100,-1050.00,-0.23,-30475.00,-1.49,3040.00,0.66,1310.00,0.28
41,Entry Short,SELL,2021-02-19 09:45,4630.00,100,5285.00,1.14,-25190.00,7.6,6300.00,1.36,295.00,0.06
41,Exit Short,SELL_TG_HIT,2021-02-19 10:45,4577.15,100,5285.00,1.14,-25190.00,7.6,6300.00,1.36,295.00,0.06
42,Entry Short,SELL,2021-02-22 10:00,4631.85,100,6350.00,1.37,-18840.00,8.49,7045.00,1.52,1055.00,0.23
42,Exit Short,SELL_TG_HIT,2021-02-22 12:00,4568.35,100,6350.00,1.37,-18840.00,8.49,7045.00,1.52,1055.00,0.23
43,Entry Long,BUY,2021-02-25 10:00,4547.55,100,4050.00,0.89,-14790.00,4.99,4145.00,0.91,1090.00,0.24
43,Exit Long,BUY_TG_HIT,2021-02-25 10:30,4588.05,100,4050.00,0.89,-14790.00,4.99,4145.00,0.91,1090.00,0.24
44,Entry Short,SELL,2021-02-25 12:00,4495.75,100,1575.00,0.35,-13215.00,1.85,2375.00,0.53,5925.00,1.32
44,Exit Short,INTRADAY_SExit,2021-02-25 15:15,4480.00,100,1575.00,0.35,-13215.00,1.85,2375.00,0.53,5925.00,1.32
45,Entry Long,BUY,2021-02-26 10:15,4552.95,100,-4415.00,-0.97,-17630.00,-5.09,0,0,5215.00,1.15
45,Exit Long,BUY_SL_HIT,2021-02-26 11:30,4508.80,100,-4415.00,-0.97,-17630.00,-5.09,0,0,5215.00,1.15
46,Entry Short,SELL,2021-02-26 12:45,4455.00,100,2815.00,0.63,-14815.00,3.42,3450.00,0.77,3585.00,0.8
46,Exit Short,INTRADAY_SExit,2021-02-26 15:15,4426.85,100,2815.00,0.63,-14815.00,3.42,3450.00,0.77,3585.00,0.8
47,Entry Long,BUY,2021-03-02 09:45,4465.20,100,-5110.00,-1.14,-19925.00,-6,780.00,0.17,5520.00,1.24
47,Exit Long,BUY_SL_HIT,2021-03-02 11:00,4414.10,100,-5110.00,-1.14,-19925.00,-6,780.00,0.17,5520.00,1.24
48,Entry Short,SELL,2021-03-02 11:15,4413.30,100,430.00,0.1,-19495.00,0.54,2315.00,0.52,910.00,0.21
48,Exit Short,INTRADAY_SExit,2021-03-02 15:15,4409.00,100,430.00,0.1,-19495.00,0.54,2315.00,0.52,910.00,0.21
49,Entry Long,BUY,2021-03-03 09:45,4442.20,100,4880.00,1.1,-14615.00,6.06,6225.00,1.4,1620.00,0.36
49,Exit Long,BUY_TG_HIT,2021-03-03 14:30,4491.00,100,4880.00,1.1,-14615.00,6.06,6225.00,1.4,1620.00,0.36
50,Entry Short,SELL,2021-03-05 09:45,4524.05,100,2565.00,0.57,-12050.00,3,3900.00,0.86,2140.00,0.47
50,Exit Short,INTRADAY_SExit,2021-03-05 15:15,4498.40,100,2565.00,0.57,-12050.00,3,3900.00,0.86,2140.00,0.47
51,Entry Long,BUY,2021-03-08 10:30,4500.00,100,-310.00,-0.07,-12360.00,-0.35,2200.00,0.49,2380.00,0.53
51,Exit Long,INTRADAY_BExit,2021-03-08 15:15,4496.90,100,-310.00,-0.07,-12360.00,-0.35,2200.00,0.49,2380.00,0.53
52,Entry Short,SELL,2021-03-09 10:45,4461.00,100,4300.00,0.96,-8060.00,4.91,4450.00,1,1335.00,0.3
52,Exit Short,SELL_TG_HIT,2021-03-09 13:30,4418.00,100,4300.00,0.96,-8060.00,4.91,4450.00,1,1335.00,0.3
53,Entry Long,BUY,2021-03-10 09:45,4468.80,100,4620.00,1.03,-3440.00,5.03,4845.00,1.08,1275.00,0.29
53,Exit Long,BUY_TG_HIT,2021-03-10 14:15,4515.00,100,4620.00,1.03,-3440.00,5.03,4845.00,1.08,1275.00,0.29
54,Entry Short,SELL,2021-03-10 14:45,4495.40,100,-800.00,-0.18,-4240.00,-0.83,340.00,0.08,1460.00,0.32
54,Exit Short,INTRADAY_SExit,2021-03-10 15:15,4503.40,100,-800.00,-0.18,-4240.00,-0.83,340.00,0.08,1460.00,0.32
55,Entry Long,BUY,2021-03-16 09:45,4376.10,100,4000.00,0.91,-240.00,4.18,4290.00,0.98,10.00,0
55,Exit Long,BUY_TG_HIT,2021-03-16 10:45,4416.10,100,4000.00,0.91,-240.00,4.18,4290.00,0.98,10.00,0
56,Entry Short,SELL,2021-03-17 10:00,4408.70,100,4030.00,0.91,3790.00,4.04,4370.00,0.99,1630.00,0.37
56,Exit Short,SELL_TG_HIT,2021-03-17 13:00,4368.40,100,4030.00,0.91,3790.00,4.04,4370.00,0.99,1630.00,0.37
57,Entry Long,BUY,2021-03-19 10:30,4245.40,100,5010.00,1.18,8800.00,4.83,5120.00,1.21,1810.00,0.43
57,Exit Long,BUY_TG_HIT,2021-03-19 14:15,4295.50,100,5010.00,1.18,8800.00,4.83,5120.00,1.21,1810.00,0.43
58,Entry Short,SELL,2021-03-25 09:45,4362.05,100,4240.00,0.97,13040.00,3.9,4625.00,1.06,385.00,0.09
58,Exit Short,SELL_TG_HIT,2021-03-25 12:00,4319.65,100,4240.00,0.97,13040.00,3.9,4625.00,1.06,385.00,0.09
59,Entry Long,BUY,2021-03-25 14:15,4346.00,100,3760.00,0.87,16800.00,3.33,4990.00,1.15,760.00,0.17
59,Exit Long,INTRADAY_BExit,2021-03-25 15:15,4383.60,100,3760.00,0.87,16800.00,3.33,4990.00,1.15,760.00,0.17
60,Entry Short,SELL,2021-03-31 12:30,4508.35,100,-475.00,-0.11,16325.00,-0.41,435.00,0.1,3465.00,0.77
60,Exit Short,INTRADAY_SExit,2021-03-31 15:15,4513.10,100,-475.00,-0.11,16325.00,-0.41,435.00,0.1,3465.00,0.77
61,Entry Long,BUY,2021-04-01 10:15,4552.30,100,3580.00,0.79,19905.00,3.08,4265.00,0.94,660.00,0.14
61,Exit Long,INTRADAY_BExit,2021-04-01 15:15,4588.10,100,3580.00,0.79,19905.00,3.08,4265.00,0.94,660.00,0.14
62,Entry Short,SELL,2021-04-05 09:45,4530.80,100,6725.00,1.48,26630.00,5.61,7070.00,1.56,420.00,0.09
62,Exit Short,SELL_TG_HIT,2021-04-05 10:15,4463.55,100,6725.00,1.48,26630.00,5.61,7070.00,1.56,420.00,0.09
63,Entry Long,BUY,2021-04-05 12:15,4519.45,100,5465.00,1.21,32095.00,4.32,5555.00,1.23,1445.00,0.32
63,Exit Long,BUY_TG_HIT,2021-04-05 14:30,4574.10,100,5465.00,1.21,32095.00,4.32,5555.00,1.23,1445.00,0.32
64,Entry Short,SELL,2021-04-07 13:45,4695.60,100,290.00,0.06,32385.00,0.22,460.00,0.1,2740.00,0.58
64,Exit Short,INTRADAY_SExit,2021-04-07 15:15,4692.70,100,290.00,0.06,32385.00,0.22,460.00,0.1,2740.00,0.58
65,Entry Long,BUY,2021-04-08 10:30,4726.70,100,-1870.00,-0.4,30515.00,-1.41,2930.00,0.62,3670.00,0.78
65,Exit Long,SELL,2021-04-08 14:45,4708.00,100,-1870.00,-0.4,30515.00,-1.41,2930.00,0.62,3670.00,0.78
66,Entry Short,SELL,2021-04-08 14:45,4708.00,100,3835.00,0.81,34350.00,2.94,3835.00,0.81,400.00,0.08
66,Exit Short,INTRADAY_SExit,2021-04-08 15:15,4669.65,100,3835.00,0.81,34350.00,2.94,3835.00,0.81,400.00,0.08
67,Entry Long,BUY,2021-04-09 09:45,4705.65,100,7955.00,1.69,42305.00,5.92,8835.00,1.88,1165.00,0.25
67,Exit Long,BUY_TG_HIT,2021-04-09 11:30,4785.20,100,7955.00,1.69,42305.00,5.92,8835.00,1.88,1165.00,0.25
68,Entry Long,BUY,2021-04-12 10:00,4831.00,100,7610.00,1.58,49915.00,5.35,10400.00,2.15,2005.00,0.42
68,Exit Long,BUY_TG_HIT,2021-04-12 10:45,4907.10,100,7610.00,1.58,49915.00,5.35,10400.00,2.15,2005.00,0.42
69,Entry Short,SELL,2021-04-13 09:45,4867.00,100,6110.00,1.26,56025.00,4.08,6490.00,1.33,1500.00,0.31
69,Exit Short,SELL_TG_HIT,2021-04-13 10:15,4805.90,100,6110.00,1.26,56025.00,4.08,6490.00,1.33,1500.00,0.31
70,Entry Long,BUY,2021-04-15 09:45,4830.00,100,1860.00,0.39,57885.00,1.19,4505.00,0.93,2500.00,0.52
70,Exit Long,INTRADAY_BExit,2021-04-15 15:15,4848.60,100,1860.00,0.39,57885.00,1.19,4505.00,0.93,2500.00,0.52
71,Entry Long,BUY,2021-04-19 10:00,4955.00,100,1175.00,0.24,59060.00,0.74,2900.00,0.59,6790.00,1.37
71,Exit Long,INTRADAY_BExit,2021-04-19 15:15,4966.75,100,1175.00,0.24,59060.00,0.74,2900.00,0.59,6790.00,1.37
72,Entry Long,BUY,2021-04-22 09:45,5230.00,100,-4420.00,-0.85,54640.00,-2.78,6000.00,1.15,4420.00,0.85
72,Exit Long,INTRADAY_BExit,2021-04-22 15:15,5185.80,100,-4420.00,-0.85,54640.00,-2.78,6000.00,1.15,4420.00,0.85
73,Entry Long,BUY,2021-04-23 09:45,5222.65,100,-6465.00,-1.24,48175.00,-4.18,1090.00,0.21,6840.00,1.31
73,Exit Long,BUY_SL_HIT,2021-04-23 10:45,5158.00,100,-6465.00,-1.24,48175.00,-4.18,1090.00,0.21,6840.00,1.31
74,Entry Short,SELL,2021-04-23 11:15,5169.65,100,5340.00,1.03,53515.00,3.6,6965.00,1.35,500.00,0.1
74,Exit Short,SELL_TG_HIT,2021-04-23 12:30,5116.25,100,5340.00,1.03,53515.00,3.6,6965.00,1.35,500.00,0.1
75,Entry Long,BUY,2021-04-28 09:45,5047.00,100,445.00,0.09,53960.00,0.29,5990.00,1.19,1095.00,0.22
75,Exit Long,INTRADAY_BExit,2021-04-28 15:15,5051.45,100,445.00,0.09,53960.00,0.29,5990.00,1.19,1095.00,0.22
76,Entry Short,SELL,2021-04-29 15:00,5104.90,100,-110.00,-0.02,53850.00,-0.07,865.00,0.17,210.00,0.04
76,Exit Short,INTRADAY_SExit,2021-04-29 15:15,5106.00,100,-110.00,-0.02,53850.00,-0.07,865.00,0.17,210.00,0.04
77,Entry Long,BUY,2021-04-30 09:45,5164.65,100,15.00,0,53865.00,0.01,4635.00,0.9,3140.00,0.61
77,Exit Long,INTRADAY_BExit,2021-04-30 15:15,5164.80,100,15.00,0,53865.00,0.01,4635.00,0.9,3140.00,0.61
78,Entry Short,SELL,2021-05-03 09:45,5170.80,100,-2270.00,-0.44,51595.00,-1.48,1965.00,0.38,3420.00,0.66
78,Exit Short,BUY,2021-05-03 12:45,5193.50,100,-2270.00,-0.44,51595.00,-1.48,1965.00,0.38,3420.00,0.66
79,Entry Long,BUY,2021-05-03 12:45,5193.50,100,-790.00,-0.15,50805.00,-0.52,950.00,0.18,1305.00,0.25
79,Exit Long,INTRADAY_BExit,2021-05-03 15:15,5185.60,100,-790.00,-0.15,50805.00,-0.52,950.00,0.18,1305.00,0.25
80,Entry Short,SELL,2021-05-04 09:45,5172.50,100,4750.00,0.92,55555.00,3.15,5100.00,0.99,425.00,0.08
80,Exit Short,SELL_TG_HIT,2021-05-04 12:30,5125.00,100,4750.00,0.92,55555.00,3.15,5100.00,0.99,425.00,0.08
81,Entry Long,BUY,2021-05-05 10:15,5114.05,100,4395.00,0.86,59950.00,2.83,4845.00,0.95,0,0
81,Exit Long,BUY_TG_HIT,2021-05-05 11:00,5158.00,100,4395.00,0.86,59950.00,2.83,4845.00,0.95,0,0
82,Entry Short,SELL,2021-05-06 11:15,5167.00,100,-100.00,-0.02,59850.00,-0.06,3700.00,0.72,1100.00,0.21
82,Exit Short,INTRADAY_SExit,2021-05-06 15:15,5168.00,100,-100.00,-0.02,59850.00,-0.06,3700.00,0.72,1100.00,0.21
83,Entry Long,BUY,2021-05-07 09:45,5188.95,100,-1305.00,-0.25,58545.00,-0.82,2605.00,0.5,1895.00,0.37
83,Exit Long,INTRADAY_BExit,2021-05-07 15:15,5175.90,100,-1305.00,-0.25,58545.00,-0.82,2605.00,0.5,1895.00,0.37
84,Entry Short,SELL,2021-05-11 11:30,5302.05,100,220.00,0.04,58765.00,0.14,3075.00,0.58,995.00,0.19
84,Exit Short,INTRADAY_SExit,2021-05-11 15:15,5299.85,100,220.00,0.04,58765.00,0.14,3075.00,0.58,995.00,0.19
85,Entry Long,BUY,2021-05-12 14:30,5318.50,100,-2830.00,-0.53,55935.00,-1.78,550.00,0.1,2850.00,0.54
85,Exit Long,SELL,2021-05-12 15:00,5290.20,100,-2830.00,-0.53,55935.00,-1.78,550.00,0.1,2850.00,0.54
86,Entry Short,SELL,2021-05-12 15:00,5290.20,100,-980.00,-0.19,54955.00,-0.63,115.00,0.02,1680.00,0.32
86,Exit Short,INTRADAY_SExit,2021-05-12 15:15,5300.00,100,-980.00,-0.19,54955.00,-0.63,115.00,0.02,1680.00,0.32
87,Entry Long,BUY,2021-05-14 09:45,5357.50,100,-2750.00,-0.51,52205.00,-1.77,4090.00,0.76,4250.00,0.79
87,Exit Long,SELL,2021-05-14 11:15,5330.00,100,-2750.00,-0.51,52205.00,-1.77,4090.00,0.76,4250.00,0.79
88,Entry Short,SELL,2021-05-14 11:15,5330.00,100,5650.00,1.06,57855.00,3.71,9845.00,1.85,2500.00,0.47
88,Exit Short,SELL_TG_HIT,2021-05-14 13:00,5273.50,100,5650.00,1.06,57855.00,3.71,9845.00,1.85,2500.00,0.47
89,Entry Long,BUY,2021-05-18 09:45,5273.95,100,-4940.00,-0.94,52915.00,-3.13,805.00,0.15,5145.00,0.98
89,Exit Long,SELL,2021-05-18 13:15,5224.55,100,-4940.00,-0.94,52915.00,-3.13,805.00,0.15,5145.00,0.98
90,Entry Short,SELL,2021-05-18 13:15,5224.55,100,1050.00,0.2,53965.00,0.69,1255.00,0.24,1625.00,0.31
90,Exit Short,INTRADAY_SExit,2021-05-18 15:15,5214.05,100,1050.00,0.2,53965.00,0.69,1255.00,0.24,1625.00,0.31
91,Entry Long,BUY,2021-05-19 09:45,5239.20,100,-1830.00,-0.35,52135.00,-1.19,1580.00,0.3,2120.00,0.4
91,Exit Long,SELL,2021-05-19 11:00,5220.90,100,-1830.00,-0.35,52135.00,-1.19,1580.00,0.3,2120.00,0.4
92,Entry Short,SELL,2021-05-19 11:00,5220.90,100,-1325.00,-0.25,50810.00,-0.87,1485.00,0.28,2810.00,0.54
92,Exit Short,INTRADAY_SExit,2021-05-19 15:15,5234.15,100,-1325.00,-0.25,50810.00,-0.87,1485.00,0.28,2810.00,0.54
93,Entry Long,BUY,2021-05-20 09:45,5270.65,100,-4075.00,-0.77,46735.00,-2.7,1535.00,0.29,4555.00,0.86
93,Exit Long,SELL,2021-05-20 15:00,5229.90,100,-4075.00,-0.77,46735.00,-2.7,1535.00,0.29,4555.00,0.86
94,Entry Short,SELL,2021-05-20 15:00,5229.90,100,-485.00,-0.09,46250.00,-0.33,490.00,0.09,780.00,0.15
94,Exit Short,INTRADAY_SExit,2021-05-20 15:15,5234.75,100,-485.00,-0.09,46250.00,-0.33,490.00,0.09,780.00,0.15
95,Entry Long,BUY,2021-05-24 09:45,5261.50,100,1130.00,0.21,47380.00,0.77,3750.00,0.71,2450.00,0.47
95,Exit Long,INTRADAY_BExit,2021-05-24 15:15,5272.80,100,1130.00,0.21,47380.00,0.77,3750.00,0.71,2450.00,0.47
96,Entry Short,SELL,2021-05-25 14:45,5292.60,100,-1540.00,-0.29,45840.00,-1.04,240.00,0.05,1620.00,0.31
96,Exit Short,INTRADAY_SExit,2021-05-25 15:15,5308.00,100,-1540.00,-0.29,45840.00,-1.04,240.00,0.05,1620.00,0.31
97,Entry Long,BUY,2021-05-26 09:45,5317.25,100,-2685.00,-0.5,43155.00,-1.84,1135.00,0.21,3120.00,0.59
97,Exit Long,SELL,2021-05-26 12:45,5290.40,100,-2685.00,-0.5,43155.00,-1.84,1135.00,0.21,3120.00,0.59
98,Entry Short,SELL,2021-05-26 12:45,5290.40,100,410.00,0.08,43565.00,0.29,1540.00,0.29,950.00,0.18
98,Exit Short,INTRADAY_SExit,2021-05-26 15:15,5286.30,100,410.00,0.08,43565.00,0.29,1540.00,0.29,950.00,0.18
99,Entry Short,SELL,2021-05-28 09:45,5186.00,100,-615.00,-0.12,42950.00,-0.43,595.00,0.11,2900.00,0.56
99,Exit Short,BUY,2021-05-28 10:30,5192.15,100,-615.00,-0.12,42950.00,-0.43,595.00,0.11,2900.00,0.56
100,Entry Long,BUY,2021-05-28 10:30,5192.15,100,-195.00,-0.04,42755.00,-0.14,3285.00,0.63,1360.00,0.26
100,Exit Long,INTRADAY_BExit,2021-05-28 15:15,5190.20,100,-195.00,-0.04,42755.00,-0.14,3285.00,0.63,1360.00,0.26
101,Entry Short,SELL,2021-06-01 09:45,5291.70,100,-4625.00,-0.87,38130.00,-3.24,2640.00,0.5,4730.00,0.89
101,Exit Short,BUY,2021-06-01 13:00,5337.95,100,-4625.00,-0.87,38130.00,-3.24,2640.00,0.5,4730.00,0.89
102,Entry Long,BUY,2021-06-01 13:00,5337.95,100,-3290.00,-0.62,34840.00,-2.38,0,0,4695.00,0.88
102,Exit Long,SELL,2021-06-01 14:30,5305.05,100,-3290.00,-0.62,34840.00,-2.38,0,0,4695.00,0.88
103,Entry Short,SELL,2021-06-01 14:30,5305.05,100,-1500.00,-0.28,33340.00,-1.11,405.00,0.08,2200.00,0.41
103,Exit Short,INTRADAY_SExit,2021-06-01 15:15,5320.05,100,-1500.00,-0.28,33340.00,-1.11,405.00,0.08,2200.00,0.41
104,Entry Short,SELL,2021-06-02 11:00,5297.70,100,-1230.00,-0.23,32110.00,-0.92,1070.00,0.2,2030.00,0.38
104,Exit Short,INTRADAY_SExit,2021-06-02 15:15,5310.00,100,-1230.00,-0.23,32110.00,-0.92,1070.00,0.2,2030.00,0.38
105,Entry Long,BUY,2021-06-03 10:15,5312.55,100,-2185.00,-0.41,29925.00,-1.65,2745.00,0.52,2455.00,0.46
105,Exit Long,SELL,2021-06-03 13:00,5290.70,100,-2185.00,-0.41,29925.00,-1.65,2745.00,0.52,2455.00,0.46
106,Entry Short,SELL,2021-06-03 13:00,5290.70,100,755.00,0.14,30680.00,0.58,1270.00,0.24,680.00,0.13
106,Exit Short,INTRADAY_SExit,2021-06-03 15:15,5283.15,100,755.00,0.14,30680.00,0.58,1270.00,0.24,680.00,0.13
107,Entry Long,BUY,2021-06-04 14:15,5270.10,100,-1170.00,-0.22,29510.00,-0.9,160.00,0.03,2270.00,0.43
107,Exit Long,INTRADAY_BExit,2021-06-04 15:15,5258.40,100,-1170.00,-0.22,29510.00,-0.9,160.00,0.03,2270.00,0.43
108,Entry Short,SELL,2021-06-07 09:45,5258.00,100,3985.00,0.76,33495.00,3.08,4300.00,0.82,70.00,0.01
108,Exit Short,INTRADAY_SExit,2021-06-07 15:15,5218.15,100,3985.00,0.76,33495.00,3.08,4300.00,0.82,70.00,0.01
109,Entry Long,BUY,2021-06-08 11:30,5198.05,100,7855.00,1.51,41350.00,5.88,7945.00,1.53,805.00,0.15
109,Exit Long,INTRADAY_BExit,2021-06-08 15:15,5276.60,100,7855.00,1.51,41350.00,5.88,7945.00,1.53,805.00,0.15
110,Entry Short,SELL,2021-06-09 11:00,5257.95,100,4195.00,0.8,45545.00,2.97,4990.00,0.95,2140.00,0.41
110,Exit Short,INTRADAY_SExit,2021-06-09 15:15,5216.00,100,4195.00,0.8,45545.00,2.97,4990.00,0.95,2140.00,0.41
111,Entry Long,BUY,2021-06-10 09:45,5269.65,100,2500.00,0.47,48045.00,1.72,3015.00,0.57,1460.00,0.28
111,Exit Long,INTRADAY_BExit,2021-06-10 15:15,5294.65,100,2500.00,0.47,48045.00,1.72,3015.00,0.57,1460.00,0.28
112,Entry Short,SELL,2021-06-14 09:45,5416.80,100,-5145.00,-0.95,42900.00,-3.48,1180.00,0.22,9320.00,1.72
112,Exit Short,SELL_SL_HIT,2021-06-14 10:30,5468.25,100,-5145.00,-0.95,42900.00,-3.48,1180.00,0.22,9320.00,1.72
113,Entry Long,BUY,2021-06-14 10:45,5460.95,100,-395.00,-0.07,42505.00,-0.28,5405.00,0.99,595.00,0.11
113,Exit Long,INTRADAY_BExit,2021-06-14 15:15,5457.00,100,-395.00,-0.07,42505.00,-0.28,5405.00,0.99,595.00,0.11
114,Entry Short,SELL,2021-06-15 09:45,5432.05,100,2370.00,0.44,44875.00,1.66,2455.00,0.45,4295.00,0.79
114,Exit Short,INTRADAY_SExit,2021-06-15 15:15,5408.35,100,2370.00,0.44,44875.00,1.66,2455.00,0.45,4295.00,0.79
115,Entry Long,BUY,2021-06-16 10:30,5424.45,100,-2600.00,-0.48,42275.00,-1.79,2545.00,0.47,3945.00,0.73
115,Exit Long,INTRADAY_BExit,2021-06-16 15:15,5398.45,100,-2600.00,-0.48,42275.00,-1.79,2545.00,0.47,3945.00,0.73
116,Entry Short,SELL,2021-06-17 09:45,5367.65,100,5375.00,1,47650.00,3.78,5610.00,1.05,3710.00,0.69
116,Exit Short,SELL_TG_HIT,2021-06-17 14:00,5313.90,100,5375.00,1,47650.00,3.78,5610.00,1.05,3710.00,0.69
117,Entry Short,SELL,2021-06-18 10:00,5243.00,100,-4880.00,-0.93,42770.00,-3.31,700.00,0.13,5130.00,0.98
117,Exit Short,SELL_SL_HIT,2021-06-18 10:30,5291.80,100,-4880.00,-0.93,42770.00,-3.31,700.00,0.13,5130.00,0.98
118,Entry Long,BUY,2021-06-18 11:45,5295.85,100,4915.00,0.93,47685.00,3.44,4915.00,0.93,0,0
118,Exit Long,BUY_TG_HIT,2021-06-18 14:30,5345.00,100,4915.00,0.93,47685.00,3.44,4915.00,0.93,0,0
119,Entry Short,SELL,2021-06-21 09:45,5250.35,100,-2315.00,-0.44,45370.00,-1.57,2335.00,0.44,2365.00,0.45
119,Exit Short,INTRADAY_SExit,2021-06-21 15:15,5273.50,100,-2315.00,-0.44,45370.00,-1.57,2335.00,0.44,2365.00,0.45
120,Entry Long,BUY,2021-06-22 09:45,5279.95,100,-900.00,-0.17,44470.00,-0.62,0,0,2495.00,0.47
120,Exit Long,SELL,2021-06-22 10:15,5270.95,100,-900.00,-0.17,44470.00,-0.62,0,0,2495.00,0.47
121,Entry Short,SELL,2021-06-22 10:15,5270.95,100,-500.00,-0.09,43970.00,-0.35,2045.00,0.39,1905.00,0.36
121,Exit Short,BUY,2021-06-22 12:00,5275.95,100,-500.00,-0.09,43970.00,-0.35,2045.00,0.39,1905.00,0.36
122,Entry Long,BUY,2021-06-22 12:00,5275.95,100,3205.00,0.61,47175.00,2.23,4405.00,0.83,395.00,0.07
122,Exit Long,INTRADAY_BExit,2021-06-22 15:15,5308.00,100,3205.00,0.61,47175.00,2.23,4405.00,0.83,395.00,0.07
123,Entry Short,SELL,2021-06-23 13:45,5301.65,100,525.00,0.1,47700.00,0.36,1445.00,0.27,1335.00,0.25
123,Exit Short,INTRADAY_SExit,2021-06-23 15:15,5296.40,100,525.00,0.1,47700.00,0.36,1445.00,0.27,1335.00,0.25
124,Entry Long,BUY,2021-06-25 09:45,5280.00,100,4800.00,0.91,52500.00,3.25,5300.00,1,1300.00,0.25
124,Exit Long,BUY_TG_HIT,2021-06-25 12:15,5328.00,100,4800.00,0.91,52500.00,3.25,5300.00,1,1300.00,0.25
125,Entry Long,BUY,2021-07-01 09:45,5442.05,100,-750.00,-0.14,51750.00,-0.49,1595.00,0.29,2965.00,0.54
125,Exit Long,SELL,2021-07-01 11:30,5434.55,100,-750.00,-0.14,51750.00,-0.49,1595.00,0.29,2965.00,0.54
126,Entry Short,SELL,2021-07-01 11:30,5434.55,100,-3100.00,-0.57,48650.00,-2.04,1105.00,0.2,3290.00,0.61
126,Exit Short,BUY,2021-07-01 13:15,5465.55,100,-3100.00,-0.57,48650.00,-2.04,1105.00,0.2,3290.00,0.61
127,Entry Long,BUY,2021-07-01 13:15,5465.55,100,8965.00,1.64,57615.00,6.03,9350.00,1.71,555.00,0.1
127,Exit Long,BUY_TG_HIT,2021-07-01 15:00,5555.20,100,8965.00,1.64,57615.00,6.03,9350.00,1.71,555.00,0.1
128,Entry Short,SELL,2021-07-02 11:30,5521.00,100,-4405.00,-0.8,53210.00,-2.79,950.00,0.17,5900.00,1.07
128,Exit Short,BUY,2021-07-02 14:45,5565.05,100,-4405.00,-0.8,53210.00,-2.79,950.00,0.17,5900.00,1.07
129,Entry Long,BUY,2021-07-02 14:45,5565.05,100,975.00,0.18,54185.00,0.64,2395.00,0.43,5.00,0
129,Exit Long,INTRADAY_BExit,2021-07-02 15:15,5574.80,100,975.00,0.18,54185.00,0.64,2395.00,0.43,5.00,0
130,Entry Short,SELL,2021-07-05 15:00,5548.30,100,1270.00,0.23,55455.00,0.82,1430.00,0.26,245.00,0.04
130,Exit Short,INTRADAY_SExit,2021-07-05 15:15,5535.60,100,1270.00,0.23,55455.00,0.82,1430.00,0.26,245.00,0.04
131,Entry Long,BUY,2021-07-06 11:00,5553.00,100,-1090.00,-0.2,54365.00,-0.7,500.00,0.09,3900.00,0.7
131,Exit Long,SELL,2021-07-06 15:00,5542.10,100,-1090.00,-0.2,54365.00,-0.7,500.00,0.09,3900.00,0.7
132,Entry Short,SELL,2021-07-06 15:00,5542.10,100,685.00,0.12,55050.00,0.44,1280.00,0.23,60.00,0.01
132,Exit Short,INTRADAY_SExit,2021-07-06 15:15,5535.25,100,685.00,0.12,55050.00,0.44,1280.00,0.23,60.00,0.01
133,Entry Long,BUY,2021-07-07 10:15,5557.90,100,-15.00,0,55035.00,-0.01,5670.00,1.02,790.00,0.14
133,Exit Long,INTRADAY_BExit,2021-07-07 15:15,5557.75,100,-15.00,0,55035.00,-0.01,5670.00,1.02,790.00,0.14
134,Entry Short,SELL,2021-07-08 09:45,5561.90,100,7900.00,1.42,62935.00,5.1,8870.00,1.59,710.00,0.13
134,Exit Short,SELL_TG_HIT,2021-07-08 13:45,5482.90,100,7900.00,1.42,62935.00,5.1,8870.00,1.59,710.00,0.13
135,Entry Long,BUY,2021-07-09 09:45,5503.45,100,-5435.00,-0.99,57500.00,-3.34,1050.00,0.19,5750.00,1.04
135,Exit Long,BUY_SL_HIT,2021-07-09 10:30,5449.10,100,-5435.00,-0.99,57500.00,-3.34,1050.00,0.19,5750.00,1.04
136,Entry Short,SELL,2021-07-09 10:45,5448.55,100,-1340.00,-0.25,56160.00,-0.85,3160.00,0.58,1645.00,0.3
136,Exit Short,INTRADAY_SExit,2021-07-09 15:15,5461.95,100,-1340.00,-0.25,56160.00,-0.85,3160.00,0.58,1645.00,0.3
137,Entry Long,BUY,2021-07-12 12:30,5467.25,100,2780.00,0.51,58940.00,1.78,3095.00,0.57,1855.00,0.34
137,Exit Long,INTRADAY_BExit,2021-07-12 15:15,5495.05,100,2780.00,0.51,58940.00,1.78,3095.00,0.57,1855.00,0.34
138,Entry Short,SELL,2021-07-13 13:00,5467.95,100,2930.00,0.54,61870.00,1.84,3595.00,0.66,565.00,0.1
138,Exit Short,INTRADAY_SExit,2021-07-13 15:15,5438.65,100,2930.00,0.54,61870.00,1.84,3595.00,0.66,565.00,0.1
139,Entry Long,BUY,2021-07-14 12:30,5430.70,100,-3815.00,-0.7,58055.00,-2.36,175.00,0.03,4370.00,0.8
139,Exit Long,SELL,2021-07-14 13:00,5392.55,100,-3815.00,-0.7,58055.00,-2.36,175.00,0.03,4370.00,0.8
140,Entry Short,SELL,2021-07-14 13:00,5392.55,100,-240.00,-0.04,57815.00,-0.15,2505.00,0.46,675.00,0.13
140,Exit Short,INTRADAY_SExit,2021-07-14 15:15,5394.95,100,-240.00,-0.04,57815.00,-0.15,2505.00,0.46,675.00,0.13
141,Entry Long,BUY,2021-07-15 09:45,5414.65,100,-3165.00,-0.58,54650.00,-2.01,2385.00,0.44,3205.00,0.59
141,Exit Long,SELL,2021-07-15 11:15,5383.00,100,-3165.00,-0.58,54650.00,-2.01,2385.00,0.44,3205.00,0.59
142,Entry Short,SELL,2021-07-15 11:15,5383.00,100,-445.00,-0.08,54205.00,-0.29,1180.00,0.22,1300.00,0.24
142,Exit Short,INTRADAY_SExit,2021-07-15 15:15,5387.45,100,-445.00,-0.08,54205.00,-0.29,1180.00,0.22,1300.00,0.24
143,Entry Long,BUY,2021-07-16 09:45,5410.35,100,-1225.00,-0.23,52980.00,-0.79,1460.00,0.27,1500.00,0.28
143,Exit Long,SELL,2021-07-16 10:45,5398.10,100,-1225.00,-0.23,52980.00,-0.79,1460.00,0.27,1500.00,0.28
144,Entry Short,SELL,2021-07-16 10:45,5398.10,100,-1255.00,-0.23,51725.00,-0.82,1285.00,0.24,1960.00,0.36
144,Exit Short,INTRADAY_SExit,2021-07-16 15:15,5410.65,100,-1255.00,-0.23,51725.00,-0.82,1285.00,0.24,1960.00,0.36
145,Entry Long,BUY,2021-07-19 10:15,5427.10,100,-1200.00,-0.22,50525.00,-0.79,1790.00,0.33,2910.00,0.54
145,Exit Long,SELL,2021-07-19 11:45,5415.10,100,-1200.00,-0.22,50525.00,-0.79,1790.00,0.33,2910.00,0.54
146,Entry Short,SELL,2021-07-19 11:45,5415.10,100,30.00,0.01,50555.00,0.02,2410.00,0.45,1185.00,0.22
146,Exit Short,INTRADAY_SExit,2021-07-19 15:15,5414.80,100,30.00,0.01,50555.00,0.02,2410.00,0.45,1185.00,0.22
147,Entry Short,SELL,2021-07-20 10:00,5400.15,100,5515.00,1.02,56070.00,3.66,6015.00,1.11,1085.00,0.2
147,Exit Short,SELL_TG_HIT,2021-07-20 11:15,5345.00,100,5515.00,1.02,56070.00,3.66,6015.00,1.11,1085.00,0.2
148,Entry Long,BUY,2021-07-22 10:30,5366.00,100,1740.00,0.32,57810.00,1.11,2200.00,0.41,990.00,0.18
148,Exit Long,INTRADAY_BExit,2021-07-22 15:15,5383.40,100,1740.00,0.32,57810.00,1.11,2200.00,0.41,990.00,0.18
149,Entry Short,SELL,2021-07-23 10:30,5369.95,100,-2030.00,-0.38,55780.00,-1.29,985.00,0.18,2380.00,0.44
149,Exit Short,BUY,2021-07-23 13:45,5390.25,100,-2030.00,-0.38,55780.00,-1.29,985.00,0.18,2380.00,0.44
150,Entry Long,BUY,2021-07-23 13:45,5390.25,100,2970.00,0.55,58750.00,1.91,3785.00,0.7,525.00,0.1
150,Exit Long,INTRADAY_BExit,2021-07-23 15:15,5419.95,100,2970.00,0.55,58750.00,1.91,3785.00,0.7,525.00,0.1
151,Entry Short,SELL,2021-07-26 14:15,5406.70,100,-830.00,-0.15,57920.00,-0.52,430.00,0.08,1475.00,0.27
151,Exit Short,INTRADAY_SExit,2021-07-26 15:15,5415.00,100,-830.00,-0.15,57920.00,-0.52,430.00,0.08,1475.00,0.27
152,Entry Long,BUY,2021-07-30 09:45,4752.10,100,-2300.00,-0.48,55620.00,-1.46,5290.00,1.11,4780.00,1.01
152,Exit Long,SELL,2021-07-30 14:45,4729.10,100,-2300.00,-0.48,55620.00,-1.46,5290.00,1.11,4780.00,1.01
153,Entry Short,SELL,2021-07-30 14:45,4729.10,100,2610.00,0.55,58230.00,1.68,2710.00,0.57,775.00,0.16
153,Exit Short,INTRADAY_SExit,2021-07-30 15:15,4703.00,100,2610.00,0.55,58230.00,1.68,2710.00,0.57,775.00,0.16
154,Entry Long,BUY,2021-08-04 09:45,4788.00,100,-2270.00,-0.47,55960.00,-1.43,1700.00,0.36,3300.00,0.69
154,Exit Long,INTRADAY_BExit,2021-08-04 15:15,4765.30,100,-2270.00,-0.47,55960.00,-1.43,1700.00,0.36,3300.00,0.69
155,Entry Short,SELL,2021-08-06 09:45,4778.50,100,-420.00,-0.09,55540.00,-0.27,1740.00,0.36,2475.00,0.52
155,Exit Short,BUY,2021-08-06 15:00,4782.70,100,-420.00,-0.09,55540.00,-0.27,1740.00,0.36,2475.00,0.52
156,Entry Long,BUY,2021-08-06 15:00,4782.70,100,135.00,0.03,55675.00,0.09,2355.00,0.49,0,0
156,Exit Long,INTRADAY_BExit,2021-08-06 15:15,4784.05,100,135.00,0.03,55675.00,0.09,2355.00,0.49,0,0
157,Entry Short,SELL,2021-08-10 10:00,4807.00,100,6770.00,1.41,62445.00,4.35,7345.00,1.53,2500.00,0.52
157,Exit Short,SELL_TG_HIT,2021-08-10 14:15,4739.30,100,6770.00,1.41,62445.00,4.35,7345.00,1.53,2500.00,0.52
158,Entry Short,SELL,2021-08-11 09:45,4722.80,100,-1920.00,-0.41,60525.00,-1.18,3280.00,0.69,2415.00,0.51
158,Exit Short,BUY,2021-08-11 12:45,4742.00,100,-1920.00,-0.41,60525.00,-1.18,3280.00,0.69,2415.00,0.51
159,Entry Long,BUY,2021-08-11 12:45,4742.00,100,-100.00,-0.02,60425.00,-0.06,1300.00,0.27,1000.00,0.21
159,Exit Long,INTRADAY_BExit,2021-08-11 15:15,4741.00,100,-100.00,-0.02,60425.00,-0.06,1300.00,0.27,1000.00,0.21
160,Entry Short,SELL,2021-08-12 09:45,4729.90,100,-1320.00,-0.28,59105.00,-0.82,750.00,0.16,2340.00,0.49
160,Exit Short,BUY,2021-08-12 11:45,4743.10,100,-1320.00,-0.28,59105.00,-0.82,750.00,0.16,2340.00,0.49
161,Entry Long,BUY,2021-08-12 11:45,4743.10,100,-2065.00,-0.44,57040.00,-1.3,580.00,0.12,2780.00,0.59
161,Exit Long,SELL,2021-08-12 13:00,4722.45,100,-2065.00,-0.44,57040.00,-1.3,580.00,0.12,2780.00,0.59
162,Entry Short,SELL,2021-08-12 13:00,4722.45,100,240.00,0.05,57280.00,0.15,3195.00,0.68,655.00,0.14
162,Exit Short,INTRADAY_SExit,2021-08-12 15:15,4720.05,100,240.00,0.05,57280.00,0.15,3195.00,0.68,655.00,0.14
163,Entry Long,BUY,2021-08-13 11:15,4713.75,100,-4375.00,-0.93,52905.00,-2.78,825.00,0.18,4595.00,0.97
163,Exit Long,BUY_SL_HIT,2021-08-13 15:00,4670.00,100,-4375.00,-0.93,52905.00,-2.78,825.00,0.18,4595.00,0.97
164,Entry Short,SELL,2021-08-16 09:45,4643.00,100,-2890.00,-0.62,50015.00,-1.89,2290.00,0.49,3980.00,0.86
164,Exit Short,BUY,2021-08-16 14:00,4671.90,100,-2890.00,-0.62,50015.00,-1.89,2290.00,0.49,3980.00,0.86
165,Entry Long,BUY,2021-08-16 14:00,4671.90,100,-830.00,-0.18,49185.00,-0.55,1475.00,0.32,1690.00,0.36
165,Exit Long,INTRADAY_BExit,2021-08-16 15:15,4663.60,100,-830.00,-0.18,49185.00,-0.55,1475.00,0.32,1690.00,0.36
166,Entry Short,SELL,2021-08-18 14:45,4700.00,100,1170.00,0.25,50355.00,0.78,1235.00,0.26,105.00,0.02
166,Exit Short,INTRADAY_SExit,2021-08-18 15:15,4688.30,100,1170.00,0.25,50355.00,0.78,1235.00,0.26,105.00,0.02
167,Entry Long,BUY,2021-08-23 09:45,4559.70,100,-3480.00,-0.76,46875.00,-2.31,445.00,0.1,3955.00,0.87
167,Exit Long,SELL,2021-08-23 10:15,4524.90,100,-3480.00,-0.76,46875.00,-2.31,445.00,0.1,3955.00,0.87
168,Entry Short,SELL,2021-08-23 10:15,4524.90,100,-4210.00,-0.93,42665.00,-2.87,310.00,0.07,5030.00,1.11
168,Exit Short,SELL_SL_HIT,2021-08-23 12:30,4567.00,100,-4210.00,-0.93,42665.00,-2.87,310.00,0.07,5030.00,1.11
169,Entry Long,BUY,2021-08-24 12:00,4500.70,100,4960.00,1.1,47625.00,3.48,5080.00,1.13,70.00,0.02
169,Exit Long,BUY_TG_HIT,2021-08-24 12:45,4550.30,100,4960.00,1.1,47625.00,3.48,5080.00,1.13,70.00,0.02
170,Entry Short,SELL,2021-08-25 10:15,4534.70,100,-2680.00,-0.59,44945.00,-1.82,1135.00,0.25,3685.00,0.81
170,Exit Short,BUY,2021-08-25 13:45,4561.50,100,-2680.00,-0.59,44945.00,-1.82,1135.00,0.25,3685.00,0.81
171,Entry Long,BUY,2021-08-25 13:45,4561.50,100,-1195.00,-0.26,43750.00,-0.82,640.00,0.14,1985.00,0.44
171,Exit Long,INTRADAY_BExit,2021-08-25 15:15,4549.55,100,-1195.00,-0.26,43750.00,-0.82,640.00,0.14,1985.00,0.44
172,Entry Short,SELL,2021-08-26 09:45,4538.10,100,4285.00,0.94,48035.00,2.98,4310.00,0.95,1260.00,0.28
172,Exit Short,SELL_TG_HIT,2021-08-26 14:15,4495.25,100,4285.00,0.94,48035.00,2.98,4310.00,0.95,1260.00,0.28
173,Entry Long,BUY,2021-08-27 09:45,4527.15,100,4285.00,0.95,52320.00,2.89,4535.00,1,200.00,0.04
173,Exit Long,BUY_TG_HIT,2021-08-27 11:30,4570.00,100,4285.00,0.95,52320.00,2.89,4535.00,1,200.00,0.04
174,Entry Short,SELL,2021-08-31 10:45,4654.50,100,-4360.00,-0.94,47960.00,-2.86,400.00,0.09,4550.00,0.98
174,Exit Short,BUY,2021-08-31 12:30,4698.10,100,-4360.00,-0.94,47960.00,-2.86,400.00,0.09,4550.00,0.98
175,Entry Long,BUY,2021-08-31 12:30,4698.10,100,505.00,0.11,48465.00,0.34,1665.00,0.35,1550.00,0.33
175,Exit Long,INTRADAY_BExit,2021-08-31 15:15,4703.15,100,505.00,0.11,48465.00,0.34,1665.00,0.35,1550.00,0.33
176,Entry Short,SELL,2021-09-02 11:00,4834.25,100,-4575.00,-0.95,43890.00,-3.08,0,0,5065.00,1.05
176,Exit Short,SELL_SL_HIT,2021-09-02 11:45,4880.00,100,-4575.00,-0.95,43890.00,-3.08,0,0,5065.00,1.05
177,Entry Long,BUY,2021-09-03 12:45,4881.35,100,2065.00,0.42,45955.00,1.44,2115.00,0.43,635.00,0.13
177,Exit Long,INTRADAY_BExit,2021-09-03 15:15,4902.00,100,2065.00,0.42,45955.00,1.44,2115.00,0.43,635.00,0.13
178,Entry Short,SELL,2021-09-06 10:00,4879.45,100,-4455.00,-0.91,41500.00,-3.05,800.00,0.16,4550.00,0.93
178,Exit Short,BUY,2021-09-06 11:30,4924.00,100,-4455.00,-0.91,41500.00,-3.05,800.00,0.16,4550.00,0.93
179,Entry Long,BUY,2021-09-06 11:30,4924.00,100,-1070.00,-0.22,40430.00,-0.76,1240.00,0.25,1400.00,0.28
179,Exit Long,INTRADAY_BExit,2021-09-06 15:15,4913.30,100,-1070.00,-0.22,40430.00,-0.76,1240.00,0.25,1400.00,0.28
180,Entry Short,SELL,2021-09-07 09:45,4892.95,100,-1090.00,-0.22,39340.00,-0.78,3740.00,0.76,1615.00,0.33
180,Exit Short,BUY,2021-09-07 13:30,4903.85,100,-1090.00,-0.22,39340.00,-0.78,3740.00,0.76,1615.00,0.33
181,Entry Long,BUY,2021-09-07 13:30,4903.85,100,-330.00,-0.07,39010.00,-0.24,675.00,0.14,1585.00,0.32
181,Exit Long,INTRADAY_BExit,2021-09-07 15:15,4900.55,100,-330.00,-0.07,39010.00,-0.24,675.00,0.14,1585.00,0.32
182,Entry Short,SELL,2021-09-08 09:45,4890.45,100,-3345.00,-0.68,35665.00,-2.41,235.00,0.05,3950.00,0.81
182,Exit Short,BUY,2021-09-08 11:30,4923.90,100,-3345.00,-0.68,35665.00,-2.41,235.00,0.05,3950.00,0.81
183,Entry Long,BUY,2021-09-08 11:30,4923.90,100,-2245.00,-0.46,33420.00,-1.65,1610.00,0.33,6260.00,1.27
183,Exit Long,SELL,2021-09-08 13:30,4901.45,100,-2245.00,-0.46,33420.00,-1.65,1610.00,0.33,6260.00,1.27
184,Entry Short,SELL,2021-09-08 13:30,4901.45,100,-935.00,-0.19,32485.00,-0.7,745.00,0.15,2070.00,0.42
184,Exit Short,BUY,2021-09-08 14:45,4910.80,100,-935.00,-0.19,32485.00,-0.7,745.00,0.15,2070.00,0.42
185,Entry Long,BUY,2021-09-08 14:45,4910.80,100,-80.00,-0.02,32405.00,-0.06,1320.00,0.27,425.00,0.09
185,Exit Long,INTRADAY_BExit,2021-09-08 15:15,4910.00,100,-80.00,-0.02,32405.00,-0.06,1320.00,0.27,425.00,0.09
186,Entry Short,SELL,2021-09-13 09:45,4885.00,100,-3490.00,-0.71,28915.00,-2.64,1190.00,0.24,3490.00,0.71
186,Exit Short,BUY,2021-09-13 13:00,4919.90,100,-3490.00,-0.71,28915.00,-2.64,1190.00,0.24,3490.00,0.71
187,Entry Long,BUY,2021-09-13 13:00,4919.90,100,1100.00,0.22,30015.00,0.85,2730.00,0.55,290.00,0.06
187,Exit Long,INTRADAY_BExit,2021-09-13 15:15,4930.90,100,1100.00,0.22,30015.00,0.85,2730.00,0.55,290.00,0.06
188,Entry Short,SELL,2021-09-14 14:30,4933.20,100,420.00,0.09,30435.00,0.32,945.00,0.19,1095.00,0.22
188,Exit Short,INTRADAY_SExit,2021-09-14 15:15,4929.00,100,420.00,0.09,30435.00,0.32,945.00,0.19,1095.00,0.22
189,Entry Long,BUY,2021-09-15 12:45,4966.50,100,-280.00,-0.06,30155.00,-0.21,850.00,0.17,2450.00,0.49
189,Exit Long,INTRADAY_BExit,2021-09-15 15:15,4963.70,100,-280.00,-0.06,30155.00,-0.21,850.00,0.17,2450.00,0.49
190,Entry Short,SELL,2021-09-17 09:45,4942.55,100,-595.00,-0.12,29560.00,-0.46,455.00,0.09,1520.00,0.31
190,Exit Short,BUY,2021-09-17 10:45,4948.50,100,-595.00,-0.12,29560.00,-0.46,455.00,0.09,1520.00,0.31
191,Entry Long,BUY,2021-09-17 10:45,4948.50,100,-4270.00,-0.86,25290.00,-3.3,145.00,0.03,4870.00,0.98
191,Exit Long,SELL,2021-09-17 12:00,4905.80,100,-4270.00,-0.86,25290.00,-3.3,145.00,0.03,4870.00,0.98
192,Entry Short,SELL,2021-09-17 12:00,4905.80,100,580.00,0.12,25870.00,0.46,3580.00,0.73,420.00,0.09
192,Exit Short,INTRADAY_SExit,2021-09-17 15:15,4900.00,100,580.00,0.12,25870.00,0.46,3580.00,0.73,420.00,0.09
193,Entry Long,BUY,2021-09-21 10:00,4790.25,100,4265.00,0.89,30135.00,3.39,4475.00,0.93,925.00,0.19
193,Exit Long,BUY_TG_HIT,2021-09-21 12:15,4832.90,100,4265.00,0.89,30135.00,3.39,4475.00,0.93,925.00,0.19
194,Entry Short,SELL,2021-09-22 11:30,4817.85,100,-2715.00,-0.56,27420.00,-2.09,580.00,0.12,3455.00,0.72
194,Exit Short,BUY,2021-09-22 14:15,4845.00,100,-2715.00,-0.56,27420.00,-2.09,580.00,0.12,3455.00,0.72
195,Entry Long,BUY,2021-09-22 14:15,4845.00,100,305.00,0.06,27725.00,0.24,745.00,0.15,1000.00,0.21
195,Exit Long,INTRADAY_BExit,2021-09-22 15:15,4848.05,100,305.00,0.06,27725.00,0.24,745.00,0.15,1000.00,0.21
196,Entry Short,SELL,2021-09-23 10:45,4832.60,100,5855.00,1.21,33580.00,4.58,5910.00,1.22,10.00,0
196,Exit Short,SELL_TG_HIT,2021-09-23 14:00,4774.05,100,5855.00,1.21,33580.00,4.58,5910.00,1.22,10.00,0
197,Entry Long,BUY,2021-09-24 09:45,4812.05,100,-1650.00,-0.34,31930.00,-1.24,295.00,0.06,3400.00,0.71
197,Exit Long,SELL,2021-09-24 13:30,4795.55,100,-1650.00,-0.34,31930.00,-1.24,295.00,0.06,3400.00,0.71
198,Entry Short,SELL,2021-09-24 13:30,4795.55,100,600.00,0.13,32530.00,0.45,1055.00,0.22,1370.00,0.29
198,Exit Short,INTRADAY_SExit,2021-09-24 15:15,4789.55,100,600.00,0.13,32530.00,0.45,1055.00,0.22,1370.00,0.29
199,Entry Long,BUY,2021-09-27 12:15,4764.85,100,2365.00,0.5,34895.00,1.78,2855.00,0.6,405.00,0.08
199,Exit Long,INTRADAY_BExit,2021-09-27 15:15,4788.50,100,2365.00,0.5,34895.00,1.78,2855.00,0.6,405.00,0.08
200,Entry Short,SELL,2021-09-28 09:45,4777.15,100,-3580.00,-0.75,31315.00,-2.65,2205.00,0.46,4080.00,0.85
200,Exit Short,BUY,2021-09-28 14:45,4812.95,100,-3580.00,-0.75,31315.00,-2.65,2205.00,0.46,4080.00,0.85
201,Entry Long,BUY,2021-09-28 14:45,4812.95,100,815.00,0.17,32130.00,0.62,1305.00,0.27,1215.00,0.25
201,Exit Long,INTRADAY_BExit,2021-09-28 15:15,4821.10,100,815.00,0.17,32130.00,0.62,1305.00,0.27,1215.00,0.25
202,Entry Short,SELL,2021-09-30 12:45,4933.95,100,6095.00,1.24,38225.00,4.61,6095.00,1.24,630.00,0.13
202,Exit Short,INTRADAY_SExit,2021-09-30 15:15,4873.00,100,6095.00,1.24,38225.00,4.61,6095.00,1.24,630.00,0.13
203,Entry Long,BUY,2021-10-01 12:45,4925.00,100,2690.00,0.55,40915.00,1.95,3950.00,0.8,0,0
203,Exit Long,INTRADAY_BExit,2021-10-01 15:15,4951.90,100,2690.00,0.55,40915.00,1.95,3950.00,0.8,0,0
204,Entry Short,SELL,2021-10-05 09:45,4993.50,100,-3715.00,-0.74,37200.00,-2.64,2350.00,0.47,5270.00,1.06
204,Exit Short,INTRADAY_SExit,2021-10-05 15:15,5030.65,100,-3715.00,-0.74,37200.00,-2.64,2350.00,0.47,5270.00,1.06
205,Entry Long,BUY,2021-10-06 09:45,5013.00,100,-3300.00,-0.66,33900.00,-2.41,1700.00,0.34,3500.00,0.7
205,Exit Long,SELL,2021-10-06 11:00,4980.00,100,-3300.00,-0.66,33900.00,-2.41,1700.00,0.34,3500.00,0.7
206,Entry Short,SELL,2021-10-06 11:00,4980.00,100,5530.00,1.11,39430.00,4.13,6720.00,1.35,2895.00,0.58
206,Exit Short,SELL_TG_HIT,2021-10-06 14:45,4924.70,100,5530.00,1.11,39430.00,4.13,6720.00,1.35,2895.00,0.58
207,Entry Long,BUY,2021-10-07 09:45,4989.90,100,-4580.00,-0.92,34850.00,-3.28,0,0,5940.00,1.19
207,Exit Long,BUY_SL_HIT,2021-10-07 11:15,4944.10,100,-4580.00,-0.92,34850.00,-3.28,0,0,5940.00,1.19
208,Entry Short,SELL,2021-10-07 12:45,4926.85,100,3840.00,0.78,38690.00,2.85,4055.00,0.82,465.00,0.09
208,Exit Short,INTRADAY_SExit,2021-10-07 15:15,4888.45,100,3840.00,0.78,38690.00,2.85,4055.00,0.82,465.00,0.09
209,Entry Long,BUY,2021-10-08 09:45,4928.00,100,-2315.00,-0.47,36375.00,-1.67,375.00,0.08,2775.00,0.56
209,Exit Long,SELL,2021-10-08 10:30,4904.85,100,-2315.00,-0.47,36375.00,-1.67,375.00,0.08,2775.00,0.56
210,Entry Short,SELL,2021-10-08 10:30,4904.85,100,5985.00,1.22,42360.00,4.39,5985.00,1.22,15.00,0
210,Exit Short,SELL_TG_HIT,2021-10-08 12:45,4845.00,100,5985.00,1.22,42360.00,4.39,5985.00,1.22,15.00,0
211,Entry Long,BUY,2021-10-08 14:45,4842.45,100,550.00,0.11,42910.00,0.39,1255.00,0.26,1745.00,0.36
211,Exit Long,INTRADAY_BExit,2021-10-08 15:15,4847.95,100,550.00,0.11,42910.00,0.39,1255.00,0.26,1745.00,0.36
212,Entry Short,SELL,2021-10-11 10:15,4840.65,100,-7460.00,-1.54,35450.00,-5.22,1200.00,0.25,7815.00,1.61
212,Exit Short,BUY,2021-10-11 12:15,4915.25,100,-7460.00,-1.54,35450.00,-5.22,1200.00,0.25,7815.00,1.61
213,Entry Long,BUY,2021-10-11 12:15,4915.25,100,-2975.00,-0.61,32475.00,-2.2,440.00,0.09,4210.00,0.86
213,Exit Long,INTRADAY_BExit,2021-10-11 15:15,4885.50,100,-2975.00,-0.61,32475.00,-2.2,440.00,0.09,4210.00,0.86
214,Entry Short,SELL,2021-10-12 11:15,4892.75,100,-1525.00,-0.31,30950.00,-1.15,3675.00,0.75,2120.00,0.43
214,Exit Short,INTRADAY_SExit,2021-10-12 15:15,4908.00,100,-1525.00,-0.31,30950.00,-1.15,3675.00,0.75,2120.00,0.43
215,Entry Long,BUY,2021-10-13 09:45,4910.00,100,1510.00,0.31,32460.00,1.15,3600.00,0.73,1990.00,0.41
215,Exit Long,INTRADAY_BExit,2021-10-13 15:15,4925.10,100,1510.00,0.31,32460.00,1.15,3600.00,0.73,1990.00,0.41
216,Entry Short,SELL,2021-10-14 14:45,4963.50,100,725.00,0.15,33185.00,0.55,1165.00,0.23,1990.00,0.4
216,Exit Short,INTRADAY_SExit,2021-10-14 15:15,4956.25,100,725.00,0.15,33185.00,0.55,1165.00,0.23,1990.00,0.4
217,Entry Short,SELL,2021-10-19 10:30,4838.00,100,3900.00,0.81,37085.00,2.93,4350.00,0.9,0,0
217,Exit Short,INTRADAY_SExit,2021-10-19 15:15,4799.00,100,3900.00,0.81,37085.00,2.93,4350.00,0.9,0,0
218,Entry Long,BUY,2021-10-20 11:45,4832.65,100,-6625.00,-1.37,30460.00,-4.83,180.00,0.04,10585.00,2.19
218,Exit Long,BUY_SL_HIT,2021-10-20 12:15,4766.40,100,-6625.00,-1.37,30460.00,-4.83,180.00,0.04,10585.00,2.19
219,Entry Short,SELL,2021-10-20 12:30,4772.45,100,2070.00,0.43,32530.00,1.59,5445.00,1.14,330.00,0.07
219,Exit Short,INTRADAY_SExit,2021-10-20 15:15,4751.75,100,2070.00,0.43,32530.00,1.59,5445.00,1.14,330.00,0.07
220,Entry Long,BUY,2021-10-22 09:45,4658.00,100,-5125.00,-1.1,27405.00,-3.87,2980.00,0.64,5800.00,1.25
220,Exit Long,SELL,2021-10-22 14:30,4606.75,100,-5125.00,-1.1,27405.00,-3.87,2980.00,0.64,5800.00,1.25
221,Entry Short,SELL,2021-10-22 14:30,4606.75,100,-2760.00,-0.6,24645.00,-2.17,1350.00,0.29,2980.00,0.65
221,Exit Short,INTRADAY_SExit,2021-10-22 15:15,4634.35,100,-2760.00,-0.6,24645.00,-2.17,1350.00,0.29,2980.00,0.65
222,Entry Long,BUY,2021-10-25 11:15,4639.60,100,3540.00,0.76,28185.00,2.84,5940.00,1.28,2460.00,0.53
222,Exit Long,INTRADAY_BExit,2021-10-25 15:15,4675.00,100,3540.00,0.76,28185.00,2.84,5940.00,1.28,2460.00,0.53
223,Entry Short,SELL,2021-10-27 15:00,4680.00,100,2500.00,0.53,30685.00,1.95,2500.00,0.53,200.00,0.04
223,Exit Short,INTRADAY_SExit,2021-10-27 15:15,4655.00,100,2500.00,0.53,30685.00,1.95,2500.00,0.53,200.00,0.04
224,Entry Long,BUY,2021-10-29 10:45,4619.60,100,24515.00,5.31,55200.00,18.76,25940.00,5.62,1375.00,0.3
224,Exit Long,BUY_TG_HIT,2021-10-29 14:00,4864.75,100,24515.00,5.31,55200.00,18.76,25940.00,5.62,1375.00,0.3
225,Entry Short,SELL,2021-11-01 09:45,4697.70,100,-9095.00,-1.94,46105.00,-5.86,770.00,0.16,9730.00,2.07
225,Exit Short,SELL_SL_HIT,2021-11-01 10:30,4788.65,100,-9095.00,-1.94,46105.00,-5.86,770.00,0.16,9730.00,2.07
226,Entry Long,BUY,2021-11-01 10:45,4808.00,100,-400.00,-0.08,45705.00,-0.27,2695.00,0.56,3650.00,0.76
226,Exit Long,INTRADAY_BExit,2021-11-01 15:15,4804.00,100,-400.00,-0.08,45705.00,-0.27,2695.00,0.56,3650.00,0.76
227,Entry Short,SELL,2021-11-02 10:00,4746.15,100,810.00,0.17,46515.00,0.56,2415.00,0.51,2885.00,0.61
227,Exit Short,INTRADAY_SExit,2021-11-02 15:15,4738.05,100,810.00,0.17,46515.00,0.56,2415.00,0.51,2885.00,0.61
228,Entry Short,SELL,2021-11-08 09:45,4736.60,100,-4040.00,-0.85,42475.00,-2.76,2260.00,0.48,4140.00,0.87
228,Exit Short,BUY,2021-11-08 11:45,4777.00,100,-4040.00,-0.85,42475.00,-2.76,2260.00,0.48,4140.00,0.87
229,Entry Long,BUY,2021-11-08 11:45,4777.00,100,980.00,0.21,43455.00,0.69,3315.00,0.69,1185.00,0.25
229,Exit Long,INTRADAY_BExit,2021-11-08 15:15,4786.80,100,980.00,0.21,43455.00,0.69,3315.00,0.69,1185.00,0.25
230,Entry Short,SELL,2021-11-09 10:45,4792.00,100,350.00,0.07,43805.00,0.24,1200.00,0.25,780.00,0.16
230,Exit Short,INTRADAY_SExit,2021-11-09 15:15,4788.50,100,350.00,0.07,43805.00,0.24,1200.00,0.25,780.00,0.16
231,Entry Long,BUY,2021-11-10 09:45,4814.85,100,1040.00,0.22,44845.00,0.72,3510.00,0.73,540.00,0.11
231,Exit Long,INTRADAY_BExit,2021-11-10 15:15,4825.25,100,1040.00,0.22,44845.00,0.72,3510.00,0.73,540.00,0.11
232,Entry Short,SELL,2021-11-11 10:30,4797.20,100,-1525.00,-0.32,43320.00,-1.05,1320.00,0.28,2290.00,0.48
232,Exit Short,INTRADAY_SExit,2021-11-11 15:15,4812.45,100,-1525.00,-0.32,43320.00,-1.05,1320.00,0.28,2290.00,0.48
233,Entry Long,BUY,2021-11-12 09:45,4821.05,100,4195.00,0.87,47515.00,2.93,4895.00,1.02,0,0
233,Exit Long,BUY_TG_HIT,2021-11-12 14:00,4863.00,100,4195.00,0.87,47515.00,2.93,4895.00,1.02,0,0
234,Entry Short,SELL,2021-11-15 11:45,4860.50,100,-2250.00,-0.46,45265.00,-1.53,950.00,0.2,2730.00,0.56
234,Exit Short,BUY,2021-11-15 14:30,4883.00,100,-2250.00,-0.46,45265.00,-1.53,950.00,0.2,2730.00,0.56
235,Entry Long,BUY,2021-11-15 14:30,4883.00,100,-170.00,-0.03,45095.00,-0.12,1495.00,0.31,645.00,0.13
235,Exit Long,INTRADAY_BExit,2021-11-15 15:15,4881.30,100,-170.00,-0.03,45095.00,-0.12,1495.00,0.31,645.00,0.13
236,Entry Short,SELL,2021-11-16 13:15,4851.75,100,4900.00,1.01,49995.00,3.38,5440.00,1.12,635.00,0.13
236,Exit Short,SELL_TG_HIT,2021-11-16 14:30,4802.75,100,4900.00,1.01,49995.00,3.38,5440.00,1.12,635.00,0.13
237,Entry Long,BUY,2021-11-23 10:45,4622.30,100,1170.00,0.25,51165.00,0.78,3955.00,0.86,1830.00,0.4
237,Exit Long,INTRADAY_BExit,2021-11-23 15:15,4634.00,100,1170.00,0.25,51165.00,0.78,3955.00,0.86,1830.00,0.4
238,Entry Short,SELL,2021-11-24 10:45,4622.50,100,2030.00,0.44,53195.00,1.34,2245.00,0.49,1350.00,0.29
238,Exit Short,INTRADAY_SExit,2021-11-24 15:15,4602.20,100,2030.00,0.44,53195.00,1.34,2245.00,0.49,1350.00,0.29
239,Entry Long,BUY,2021-11-25 11:00,4657.00,100,-3305.00,-0.71,49890.00,-2.16,3900.00,0.84,3610.00,0.78
239,Exit Long,SELL,2021-11-25 13:45,4623.95,100,-3305.00,-0.71,49890.00,-2.16,3900.00,0.84,3610.00,0.78
240,Entry Short,SELL,2021-11-25 13:45,4623.95,100,3640.00,0.79,53530.00,2.43,3895.00,0.84,605.00,0.13
240,Exit Short,INTRADAY_SExit,2021-11-25 15:15,4587.55,100,3640.00,0.79,53530.00,2.43,3895.00,0.84,605.00,0.13
241,Entry Long,BUY,2021-11-26 09:45,4719.40,100,3970.00,0.84,57500.00,2.59,4855.00,1.03,2900.00,0.61
241,Exit Long,BUY_TG_HIT,2021-11-26 11:30,4759.10,100,3970.00,0.84,57500.00,2.59,4855.00,1.03,2900.00,0.61
242,Entry Long,BUY,2021-11-29 09:45,4857.65,100,-4775.00,-0.98,52725.00,-3.03,235.00,0.05,5760.00,1.19
242,Exit Long,BUY_SL_HIT,2021-11-29 12:00,4809.90,100,-4775.00,-0.98,52725.00,-3.03,235.00,0.05,5760.00,1.19
243,Entry Short,SELL,2021-11-29 12:45,4744.25,100,4925.00,1.04,57650.00,3.22,5085.00,1.07,565.00,0.12
243,Exit Short,SELL_TG_HIT,2021-11-29 14:00,4695.00,100,4925.00,1.04,57650.00,3.22,5085.00,1.07,565.00,0.12
244,Entry Long,BUY,2021-12-02 09:45,4626.00,100,3900.00,0.84,61550.00,2.47,4300.00,0.93,0,0
244,Exit Long,INTRADAY_BExit,2021-12-02 15:15,4665.00,100,3900.00,0.84,61550.00,2.47,4300.00,0.93,0,0
245,Entry Short,SELL,2021-12-03 09:45,4618.65,100,2270.00,0.49,63820.00,1.41,3565.00,0.77,1730.00,0.37
245,Exit Short,INTRADAY_SExit,2021-12-03 15:15,4595.95,100,2270.00,0.49,63820.00,1.41,3565.00,0.77,1730.00,0.37
246,Entry Long,BUY,2021-12-07 10:45,4490.05,100,1710.00,0.38,65530.00,1.04,2480.00,0.55,1405.00,0.31
246,Exit Long,INTRADAY_BExit,2021-12-07 15:15,4507.15,100,1710.00,0.38,65530.00,1.04,2480.00,0.55,1405.00,0.31
247,Entry Short,SELL,2021-12-09 10:45,4588.00,100,-405.00,-0.09,65125.00,-0.24,1630.00,0.36,990.00,0.22
247,Exit Short,INTRADAY_SExit,2021-12-09 15:15,4592.05,100,-405.00,-0.09,65125.00,-0.24,1630.00,0.36,990.00,0.22
248,Entry Long,BUY,2021-12-10 09:45,4614.95,100,-2365.00,-0.51,62760.00,-1.43,205.00,0.04,3945.00,0.85
248,Exit Long,SELL,2021-12-10 11:00,4591.30,100,-2365.00,-0.51,62760.00,-1.43,205.00,0.04,3945.00,0.85
249,Entry Short,SELL,2021-12-10 11:00,4591.30,100,-870.00,-0.19,61890.00,-0.53,1630.00,0.36,1040.00,0.23
249,Exit Short,INTRADAY_SExit,2021-12-10 15:15,4600.00,100,-870.00,-0.19,61890.00,-0.53,1630.00,0.36,1040.00,0.23
250,Entry Long,BUY,2021-12-13 09:45,4617.00,100,-1050.00,-0.23,60840.00,-0.65,2630.00,0.57,2770.00,0.6
250,Exit Long,SELL,2021-12-13 12:15,4606.50,100,-1050.00,-0.23,60840.00,-0.65,2630.00,0.57,2770.00,0.6
251,Entry Short,SELL,2021-12-13 12:15,4606.50,100,155.00,0.03,60995.00,0.1,4005.00,0.87,150.00,0.03
251,Exit Short,INTRADAY_SExit,2021-12-13 15:15,4604.95,100,155.00,0.03,60995.00,0.1,4005.00,0.87,150.00,0.03
252,Entry Long,BUY,2021-12-14 09:45,4634.75,100,1475.00,0.32,62470.00,0.92,2350.00,0.51,2975.00,0.64
252,Exit Long,INTRADAY_BExit,2021-12-14 15:15,4649.50,100,1475.00,0.32,62470.00,0.92,2350.00,0.51,2975.00,0.64
253,Entry Short,SELL,2021-12-15 09:45,4607.95,100,-5.00,0,62465.00,0,3565.00,0.77,1905.00,0.41
253,Exit Short,BUY,2021-12-15 15:00,4608.00,100,-5.00,0,62465.00,0,3565.00,0.77,1905.00,0.41
254,Entry Long,BUY,2021-12-15 15:00,4608.00,100,-800.00,-0.17,61665.00,-0.49,270.00,0.06,800.00,0.17
254,Exit Long,INTRADAY_BExit,2021-12-15 15:15,4600.00,100,-800.00,-0.17,61665.00,-0.49,270.00,0.06,800.00,0.17
255,Entry Short,SELL,2021-12-16 11:45,4579.60,100,-1540.00,-0.34,60125.00,-0.95,300.00,0.07,2540.00,0.55
255,Exit Short,INTRADAY_SExit,2021-12-16 15:15,4595.00,100,-1540.00,-0.34,60125.00,-0.95,300.00,0.07,2540.00,0.55
256,Entry Long,BUY,2021-12-21 09:45,4581.70,100,3565.00,0.78,63690.00,2.23,4750.00,1.04,1020.00,0.22
256,Exit Long,INTRADAY_BExit,2021-12-21 15:15,4617.35,100,3565.00,0.78,63690.00,2.23,4750.00,1.04,1020.00,0.22
257,Entry Long,BUY,2021-12-23 10:00,4680.15,100,1565.00,0.33,65255.00,0.96,1985.00,0.42,1015.00,0.22
257,Exit Long,INTRADAY_BExit,2021-12-23 15:15,4695.80,100,1565.00,0.33,65255.00,0.96,1985.00,0.42,1015.00,0.22
258,Entry Short,SELL,2021-12-24 10:30,4689.15,100,5015.00,1.07,70270.00,3.03,5415.00,1.15,170.00,0.04
258,Exit Short,SELL_TG_HIT,2021-12-24 11:30,4639.00,100,5015.00,1.07,70270.00,3.03,5415.00,1.15,170.00,0.04
259,Entry Long,BUY,2021-12-24 15:00,4645.25,100,-295.00,-0.06,69975.00,-0.17,470.00,0.1,1380.00,0.3
259,Exit Long,INTRADAY_BExit,2021-12-24 15:15,4642.30,100,-295.00,-0.06,69975.00,-0.17,470.00,0.1,1380.00,0.3
260,Entry Short,SELL,2021-12-28 11:15,4720.65,100,-2375.00,-0.5,67600.00,-1.4,795.00,0.17,3625.00,0.77
260,Exit Short,BUY,2021-12-28 14:00,4744.40,100,-2375.00,-0.5,67600.00,-1.4,795.00,0.17,3625.00,0.77
261,Entry Long,BUY,2021-12-28 14:00,4744.40,100,-735.00,-0.15,66865.00,-0.44,2920.00,0.62,1440.00,0.3
261,Exit Long,INTRADAY_BExit,2021-12-28 15:15,4737.05,100,-735.00,-0.15,66865.00,-0.44,2920.00,0.62,1440.00,0.3
262,Entry Long,BUY,2021-12-29 09:45,4809.45,100,2565.00,0.53,69430.00,1.54,3870.00,0.8,1745.00,0.36
262,Exit Long,INTRADAY_BExit,2021-12-29 15:15,4835.10,100,2565.00,0.53,69430.00,1.54,3870.00,0.8,1745.00,0.36
263,Entry Short,SELL,2022-01-03 10:15,4889.00,100,3900.00,0.8,73330.00,2.3,4130.00,0.84,600.00,0.12
263,Exit Short,INTRADAY_SExit,2022-01-03 15:15,4850.00,100,3900.00,0.8,73330.00,2.3,4130.00,0.84,600.00,0.12
264,Entry Long,BUY,2022-01-05 11:00,4855.00,100,-3875.00,-0.8,69455.00,-2.24,295.00,0.06,3930.00,0.81
264,Exit Long,SELL,2022-01-05 13:15,4816.25,100,-3875.00,-0.8,69455.00,-2.24,295.00,0.06,3930.00,0.81
265,Entry Short,SELL,2022-01-05 13:15,4816.25,100,5420.00,1.13,74875.00,3.2,5555.00,1.15,175.00,0.04
265,Exit Short,SELL_TG_HIT,2022-01-05 14:00,4762.05,100,5420.00,1.13,74875.00,3.2,5555.00,1.15,175.00,0.04
266,Entry Short,SELL,2022-01-06 10:00,4746.85,100,1135.00,0.24,76010.00,0.65,1200.00,0.25,3710.00,0.78
266,Exit Short,INTRADAY_SExit,2022-01-06 15:15,4735.50,100,1135.00,0.24,76010.00,0.65,1200.00,0.25,3710.00,0.78
267,Entry Long,BUY,2022-01-07 10:45,4736.45,100,-3020.00,-0.64,72990.00,-1.72,855.00,0.18,3375.00,0.71
267,Exit Long,SELL,2022-01-07 14:15,4706.25,100,-3020.00,-0.64,72990.00,-1.72,855.00,0.18,3375.00,0.71
268,Entry Short,SELL,2022-01-07 14:15,4706.25,100,-255.00,-0.05,72735.00,-0.15,625.00,0.13,675.00,0.14
268,Exit Short,INTRADAY_SExit,2022-01-07 15:15,4708.80,100,-255.00,-0.05,72735.00,-0.15,625.00,0.13,675.00,0.14
269,Entry Long,BUY,2022-01-10 13:30,4684.55,100,1300.00,0.28,74035.00,0.75,3045.00,0.65,710.00,0.15
269,Exit Long,INTRADAY_BExit,2022-01-10 15:15,4697.55,100,1300.00,0.28,74035.00,0.75,3045.00,0.65,710.00,0.15
270,Entry Short,SELL,2022-01-11 12:30,4680.15,100,860.00,0.18,74895.00,0.49,1680.00,0.36,2490.00,0.53
270,Exit Short,INTRADAY_SExit,2022-01-11 15:15,4671.55,100,860.00,0.18,74895.00,0.49,1680.00,0.36,2490.00,0.53
271,Entry Long,BUY,2022-01-12 13:00,4684.75,100,1520.00,0.32,76415.00,0.87,1855.00,0.4,750.00,0.16
271,Exit Long,INTRADAY_BExit,2022-01-12 15:15,4699.95,100,1520.00,0.32,76415.00,0.87,1855.00,0.4,750.00,0.16
272,Entry Short,SELL,2022-01-13 13:45,4725.90,100,-145.00,-0.03,76270.00,-0.08,890.00,0.19,930.00,0.2
272,Exit Short,INTRADAY_SExit,2022-01-13 15:15,4727.35,100,-145.00,-0.03,76270.00,-0.08,890.00,0.19,930.00,0.2
273,Entry Long,BUY,2022-01-14 14:15,4696.95,100,-860.00,-0.18,75410.00,-0.49,810.00,0.17,1095.00,0.23
273,Exit Long,INTRADAY_BExit,2022-01-14 15:15,4688.35,100,-860.00,-0.18,75410.00,-0.49,810.00,0.17,1095.00,0.23
274,Entry Short,SELL,2022-01-17 09:45,4621.10,100,-4090.00,-0.89,71320.00,-2.33,1090.00,0.24,4090.00,0.89
274,Exit Short,SELL_SL_HIT,2022-01-17 11:45,4662.00,100,-4090.00,-0.89,71320.00,-2.33,1090.00,0.24,4090.00,0.89
275,Entry Long,BUY,2022-01-17 12:00,4666.70,100,655.00,0.14,71975.00,0.38,3325.00,0.71,500.00,0.11
275,Exit Long,INTRADAY_BExit,2022-01-17 15:15,4673.25,100,655.00,0.14,71975.00,0.38,3325.00,0.71,500.00,0.11
276,Entry Short,SELL,2022-01-18 10:00,4638.05,100,-3895.00,-0.84,68080.00,-2.26,1705.00,0.37,5285.00,1.14
276,Exit Short,BUY,2022-01-18 12:15,4677.00,100,-3895.00,-0.84,68080.00,-2.26,1705.00,0.37,5285.00,1.14
277,Entry Long,BUY,2022-01-18 12:15,4677.00,100,760.00,0.16,68840.00,0.45,4745.00,1.01,100.00,0.02
277,Exit Long,INTRADAY_BExit,2022-01-18 15:15,4684.60,100,760.00,0.16,68840.00,0.45,4745.00,1.01,100.00,0.02
278,Entry Short,SELL,2022-01-19 10:00,4693.95,100,290.00,0.06,69130.00,0.17,2600.00,0.55,1600.00,0.34
278,Exit Short,INTRADAY_SExit,2022-01-19 15:15,4691.05,100,290.00,0.06,69130.00,0.17,2600.00,0.55,1600.00,0.34
279,Entry Long,BUY,2022-01-21 13:00,4524.65,100,-5565.00,-1.23,63565.00,-3.29,330.00,0.07,5565.00,1.23
279,Exit Long,SELL,2022-01-21 14:45,4469.00,100,-5565.00,-1.23,63565.00,-3.29,330.00,0.07,5565.00,1.23
280,Entry Short,SELL,2022-01-21 14:45,4469.00,100,-3400.00,-0.76,60165.00,-2.08,400.00,0.09,3690.00,0.83
280,Exit Short,INTRADAY_SExit,2022-01-21 15:15,4503.00,100,-3400.00,-0.76,60165.00,-2.08,400.00,0.09,3690.00,0.83
281,Entry Short,SELL,2022-01-24 09:45,4460.55,100,5735.00,1.29,65900.00,3.58,6925.00,1.55,435.00,0.1
281,Exit Short,SELL_TG_HIT,2022-01-24 10:15,4403.20,100,5735.00,1.29,65900.00,3.58,6925.00,1.55,435.00,0.1
282,Entry Long,BUY,2022-01-25 09:45,4385.25,100,1930.00,0.44,67830.00,1.16,3370.00,0.77,5200.00,1.19
282,Exit Long,INTRADAY_BExit,2022-01-25 15:15,4404.55,100,1930.00,0.44,67830.00,1.16,3370.00,0.77,5200.00,1.19
283,Entry Short,SELL,2022-01-27 09:45,4306.10,100,3940.00,0.91,71770.00,2.35,4110.00,0.95,3315.00,0.77
283,Exit Short,SELL_TG_HIT,2022-01-27 13:45,4266.70,100,3940.00,0.91,71770.00,2.35,4110.00,0.95,3315.00,0.77
284,Entry Long,BUY,2022-01-28 09:45,4304.95,100,3955.00,0.92,75725.00,2.3,4405.00,1.02,1180.00,0.27
284,Exit Long,BUY_TG_HIT,2022-01-28 10:15,4344.50,100,3955.00,0.92,75725.00,2.3,4405.00,1.02,1180.00,0.27
285,Entry Short,SELL,2022-01-28 13:45,4264.70,100,6570.00,1.54,82295.00,3.74,8925.00,2.09,820.00,0.19
285,Exit Short,SELL_TG_HIT,2022-01-28 14:30,4199.00,100,6570.00,1.54,82295.00,3.74,8925.00,2.09,820.00,0.19
286,Entry Long,BUY,2022-01-31 09:45,4309.90,100,4210.00,0.98,86505.00,2.31,4385.00,1.02,330.00,0.08
286,Exit Long,BUY_TG_HIT,2022-01-31 10:15,4352.00,100,4210.00,0.98,86505.00,2.31,4385.00,1.02,330.00,0.08
287,Entry Short,SELL,2022-02-01 09:45,4276.60,100,-2890.00,-0.68,83615.00,-1.55,1860.00,0.43,4325.00,1.01
287,Exit Short,INTRADAY_SExit,2022-02-01 15:15,4305.50,100,-2890.00,-0.68,83615.00,-1.55,1860.00,0.43,4325.00,1.01
288,Entry Long,BUY,2022-02-02 09:45,4355.90,100,5555.00,1.28,89170.00,3.03,7385.00,1.7,2785.00,0.64
288,Exit Long,INTRADAY_BExit,2022-02-02 15:15,4411.45,100,5555.00,1.28,89170.00,3.03,7385.00,1.7,2785.00,0.64
289,Entry Short,SELL,2022-02-03 10:45,4392.00,100,1235.00,0.28,90405.00,0.65,2540.00,0.58,440.00,0.1
289,Exit Short,INTRADAY_SExit,2022-02-03 15:15,4379.65,100,1235.00,0.28,90405.00,0.65,2540.00,0.58,440.00,0.1
290,Entry Long,BUY,2022-02-04 10:15,4373.00,100,-1290.00,-0.29,89115.00,-0.68,395.00,0.09,2640.00,0.6
290,Exit Long,SELL,2022-02-04 12:45,4360.10,100,-1290.00,-0.29,89115.00,-0.68,395.00,0.09,2640.00,0.6
291,Entry Short,SELL,2022-02-04 12:45,4360.10,100,725.00,0.17,89840.00,0.38,2310.00,0.53,1175.00,0.27
291,Exit Short,INTRADAY_SExit,2022-02-04 15:15,4352.85,100,725.00,0.17,89840.00,0.38,2310.00,0.53,1175.00,0.27
292,Entry Long,BUY,2022-02-07 13:00,4318.10,100,-270.00,-0.06,89570.00,-0.14,2090.00,0.48,3235.00,0.75
292,Exit Long,INTRADAY_BExit,2022-02-07 15:15,4315.40,100,-270.00,-0.06,89570.00,-0.14,2090.00,0.48,3235.00,0.75
293,Entry Short,SELL,2022-02-08 12:30,4325.90,100,-290.00,-0.07,89280.00,-0.15,2670.00,0.62,1400.00,0.32
293,Exit Short,INTRADAY_SExit,2022-02-08 15:15,4328.80,100,-290.00,-0.07,89280.00,-0.15,2670.00,0.62,1400.00,0.32
294,Entry Long,BUY,2022-02-09 11:15,4345.10,100,4195.00,0.97,93475.00,2.22,4990.00,1.15,600.00,0.14
294,Exit Long,BUY_TG_HIT,2022-02-09 14:45,4387.05,100,4195.00,0.97,93475.00,2.22,4990.00,1.15,600.00,0.14
295,Entry Short,SELL,2022-02-10 09:45,4352.15,100,-2070.00,-0.48,91405.00,-1.07,1845.00,0.42,2545.00,0.58
295,Exit Short,BUY,2022-02-10 14:30,4372.85,100,-2070.00,-0.48,91405.00,-1.07,1845.00,0.42,2545.00,0.58
296,Entry Long,BUY,2022-02-10 14:30,4372.85,100,125.00,0.03,91530.00,0.07,515.00,0.12,1655.00,0.38
296,Exit Long,INTRADAY_BExit,2022-02-10 15:15,4374.10,100,125.00,0.03,91530.00,0.07,515.00,0.12,1655.00,0.38
297,Entry Short,SELL,2022-02-11 09:45,4295.55,100,-1630.00,-0.38,89900.00,-0.85,1540.00,0.36,2520.00,0.59
297,Exit Short,BUY,2022-02-11 14:00,4311.85,100,-1630.00,-0.38,89900.00,-0.85,1540.00,0.36,2520.00,0.59
298,Entry Long,BUY,2022-02-11 14:00,4311.85,100,1315.00,0.3,91215.00,0.69,2380.00,0.55,980.00,0.23
298,Exit Long,INTRADAY_BExit,2022-02-11 15:15,4325.00,100,1315.00,0.3,91215.00,0.69,2380.00,0.55,980.00,0.23